English,Russian,contagious,заразительный
English,Russian,on premise,на предпосылке
English,Russian,welding,сварка
Russian,English,электрическая розетка,Electrical Outlet
English,Russian,Sleight,Ловкость
English,Russian,comprehend,понять
English,Russian,contemporary,современный
English,Russian,reminiscent,напоминает
English,Russian,accommodate,разместить
English,Russian,grudge,недовольство
English,Russian,wailing,плач
English,Russian,spat,плюнул
English,Russian,chagrin,огорчение
English,Russian,covet,пожелай
English,Russian,juvenescent,молодеющий
English,Russian,soaring,парящий
English,Russian,reliant,зависит
English,Russian,trump,козырь
English,Russian,clay,глина
English,Russian,gout,подагра
English,Russian,severe,тяжелая
English,Russian,chive on,зубок чеснока на
English,Russian,operate,работать
English,Russian,tangled,запутанный
Russian,English,к сожалению,unfortunately
English,Russian,tamper,вмешиваться
English,Russian,perpetual,вечный
English,Russian,unanimously,единогласно
English,Russian,density,плотность
English,Russian,vocational,профессиональное
English,Russian,sacred,священным
English,Russian,angular,угловая
English,Russian,rivet,заклепки
Russian,English,случайно,accident
English,Russian,snipe,бекас
English,Russian,eschew,отказаться
English,Russian,decimated,уничтожены
English,Russian,incursion,вторжение
English,Russian,adjacent,рядом
English,Russian,deliberately,намеренно
English,Russian,vagrancy,бродяжничество
English,Russian,strangle,задушить
English,Russian,devious,окольный
English,Russian,homage,дань
English,Russian,attrition,потертость
English,Russian,posterity,потомство
English,Russian,dilapidated,обветшали
English,Russian,complimentary,бесплатный
English,Russian,intrusive,навязчивым
English,Russian,scorn,презрение
English,Russian,shirk,ширк
English,Russian,pursuing,преследуя
English,Russian,sack,мешок
English,Russian,virtue,добродетель
English,Russian,leech,пиявка
English,Russian,plead,судиться
English,Russian,orifices,отверстия
English,Russian,surge,всплеск
English,Russian,obstinate,упрямый
English,Russian,crevasse,Трещина
English,Russian,cognitive,когнитивный
English,Russian,thorns,шипы
English,Russian,stance,позиция
English,Russian,relentless,неустанный
English,Russian,conform,соответствовать
English,Russian,veil,вуаль
English,Russian,across,через
English,Russian,arcane,тайный
English,Russian,quarry,карьер
English,Russian,condemned,осужденный
English,Russian,dignitaries,сановники
English,Russian,lackadaisical,вялый
English,Russian,staunch,стойкий
English,Russian,wedge,клин
English,Russian,aide,помощник
English,Russian,choke,дроссель
English,Russian,sleazy,неряшливый
English,Russian,toll,потери
English,Russian,daunt,устрашать
English,Russian,profound,глубокий
English,Russian,deter,удерживать
English,Russian,squeaked,пискнул
English,Russian,smuggle,заниматься контрабандой
English,Russian,reinforce,укреплять
English,Russian,sodomize,изнасиловать
English,Russian,convict,осужденный
English,Russian,ringleaders,главари
English,Russian,aspiring,стремящийся
English,Russian,shivering,дрожь
English,Russian,ardent,ярый
English,Russian,abolition,отмена
English,Russian,adultery,прелюбодеяние
English,Russian,commandment,заповедь
English,Russian,impudent,наглый
English,Russian,barred,запрещенный
English,Russian,repent,каяться
English,Russian,arson,поджог
English,Russian,melon,дыня
English,Russian,wharf,причал
English,Russian,munch,жевать
English,Russian,sour,кислый
English,Russian,prawn,креветки
English,Russian,dilapidated,полуразрушенный
English,Russian,swanky,шикарный
English,Russian,meadow,луг
English,Russian,splurge,бахвальство
English,Russian,ursine,медвежий
German,Russian,perplex,ошеломленный
English,Russian,fret,беспокоиться
English,Russian,furnace,печь
English,Russian,welder,сварщик
English,Russian,apostle,апостол
English,Russian,stench,вонь
English,Russian,blunt,тупой
English,Russian,lucid,ясный
English,Russian,abalone,морское ушко
English,Russian,cabinet,кабинет
English,Russian,Maleficent,пагубный
Russian,English,палата,chamber
Russian,English,одержим,obsessed
English,Russian,tangent,касательный
English,Russian,superstition,суеверие
English,Russian,profanity,профанация
English,Russian,inept,неподходящий
English,Russian,hoisting,подъем
English,Russian,daunting,сложной
English,Russian,cute,милый
English,Russian,consideration,рассмотрение
English,Russian,austere,строгий
English,Russian,baulk,балка
English,Russian,tainted,испорченный
English,Russian,evict,выселять
English,Russian,eviction,выселение
English,Russian,noxious,вредный
English,Russian,hawsers,тросы
English,Russian,attrition,истощение
English,Russian,meagre,скудный
English,Russian,brace,фигурная скобка
English,Russian,containment,сдерживания
English,Russian,vanquish,побеждать
English,Russian,peculiar,своеобразный
English,Russian,incarcerated,заключенный
English,Russian,itinerary,маршрут
English,Russian,wrath,гнев
English,Russian,strive,добиваться
English,Russian,mean,значить
English,Russian,muster,собирать
English,Russian,inquiry,запрос
English,Russian,plummet,отвес
English,Russian,vernal,весенний
English,Russian,equinox,равноденствие
English,Russian,capricious,капризный
English,Russian,abomination,мерзость
English,Russian,banter,подшучивать
English,Russian,ripple,пульсация
English,Russian,swallow,глотать
English,Russian,arousal,пробуждение
English,Russian,assuage,успокаивать
English,Russian,abatement,снижение
English,Russian,smuggler,контрабандист
English,Russian,transient,преходящий
English,Russian,Serendipity,интуитивная прозорливость
English,Russian,succinct,краткий
English,Russian,emit,испускать
English,Russian,envisage,предусмотреть
English,Russian,apprehensive,опасающийся
English,Russian,indignation,возмущение
English,Russian,creak,скрип
English,Russian,funnel,воронка
English,Russian,cede,уступать
English,Russian,dart,дартс
English,Russian,pro bono,безвозмездной
English,Russian,towel,полотенце
English,Russian,flail,молотить
English,Russian,bane,отрава
English,Russian,contamination,загрязнение
English,Russian,instills,Вселяет
English,Russian,ignorance,невежество
English,Russian,dormant,бездействующий
English,Russian,cease,прекращение
English,Russian,utensil,посуда
English,Russian,churn,маслобойка
English,Russian,Broiling,Поджаривание
English,Russian,eggplant,баклажан
English,Russian,cauliflower,цветная капуста
English,Russian,zap,бац
English,Russian,beets,свекла
English,Russian,stovetop,плите
English,Russian,brunt,главный удар
English,Russian,indomitable,неукротимый
English,Russian,coup,удачный ход
English,Russian,nary,ни капли
English,Russian,soar,витать
English,Russian,trod,тропинка
English,Russian,stillborn,мертворожденный
English,Russian,stubborn,упрямый
English,Russian,plod,брести
English,Russian,rampart,вал
English,Russian,unanimous,единодушный
English,Russian,candor,откровенность
English,Russian,thus,таким образом
English,Russian,collusion,сговор
English,Russian,reap,пожинать
English,Russian,narrative,повествование
English,Russian,incident,инцидент
English,Russian,auxiliary,вспомогательный
English,Russian,infer,вывод
English,Russian,coercion,принуждение
English,Russian,reify,материализовать
English,Russian,inconvenience,неудобство
English,Russian,crutch,опора
English,Russian,frown,хмуриться
English,Russian,Negligence,халатность
English,Russian,invaluable,бесценный
English,Russian,compulsory,обязательный
English,Russian,indict,обвинять
English,Russian,ineptitude,неумелость
English,Russian,amuck,вне себя
English,Russian,truce,перемирие
English,Russian,parcel,посылка
French,Russian,moan,стонать
English,Russian,imminent,неизбежный
English,Russian,ouster,увольнение
English,Russian,crucifix,распятие
English,Russian,insolence,наглость
English,Russian,riveter,клепальщик
English,Russian,lured,заманили
English,Russian,hitch,заминка
English,Russian,sinister,зловещий
English,Russian,omni,всенаправленный
English,Russian,dent,вмятина
English,Russian,graft,трансплантат
English,Russian,scoop,черпать
English,Russian,scope,сфера
English,Russian,attain,достигать
English,Russian,precarious,сомнительный
English,Russian,aversion,отвращение
English,Russian,germane,релевантный
English,Russian,palatable,вкусный
English,Russian,pertain,относиться
English,Russian,impendent,надвигающийся
English,Russian,penetrate,проникать
English,Russian,vivid,яркий
English,Russian,flak,зенитный огонь
English,Russian,condone,мириться
English,Russian,remedy,средство
English,Russian,peel,кожура
English,Russian,blisters,волдыри
English,Russian,integrity,целостность
English,Russian,impediment,препятствие
English,Russian,embark,начинать
English,Russian,fellow,парень
English,Russian,Carnation,Гвоздика
English,Russian,dignity,достоинство
English,Russian,prune,подрезать
English,Russian,slurp,чавкать
English,Russian,empathy,сопереживание
English,Russian,obnoxious,неприятный
English,Russian,sleight,ловкость
English,Russian,reimbursement,возмещение
English,Russian,gregarious,стадный
English,Russian,skylight,застекленная крыша
English,Russian,disclosure,раскрытие
English,Russian,eminence,возвышение
English,Russian,purveyor,поставщик
English,Russian,peg,колышек
English,Russian,quote,цитировать
English,Russian,solvency,платежеспособность
English,Russian,overnight,всю ночь
English,Russian,scarce,дефицитный
English,Russian,thence,оттуда
English,Russian,fungibility,взаимозаменяемость
English,Russian,Commodities,Товары
English,Russian,equities,акции
English,Russian,confer,совещаться
English,Russian,solvent,растворитель
English,Russian,contagion,зараза
English,Russian,stifled,подавил
English,Russian,diminish,уменьшаться
English,Russian,agnostic,агностик
English,Russian,persuade,убеждать
English,Russian,lubricant,смазка
English,Russian,arc,дуга
English,Russian,inquisitive,любознательный
English,Russian,on-premises,локального
English,Russian,nifty,изящный
English,Russian,acknowledge,признавать
English,Russian,domicile,местожительство
English,Russian,remit,переводить
English,Russian,ascribing,приписывая
English,Russian,securities,ценные бумаги
English,Russian,expenditure,расход
English,Russian,deceptive,обманчивый
English,Russian,crannies,трещинах
English,Russian,nook,укромный уголок
English,Russian,ferret,хорек
English,Russian,resilient,упругий
English,Russian,proverbial,провербиальный
English,Russian,prod,тыкать
English,Russian,manganese,марганец
English,Russian,hindrance,помеха
English,Russian,exert,вызывать
English,Russian,livid,мертвенно-бледный
English,Russian,summon,вызывать
English,Russian,cognizant,осознавший
English,Russian,remorse,угрызения совести
English,Russian,roil,мутить
English,Russian,thaw,оттепель
English,Russian,riptide,разрывное течение
Russian,English,ковер,carpet
Russian,English,полотенце,towel
English,Russian,blanket,одеяло
English,Russian,hairiness,волосатость
English,Russian,acquiesced,согласился
English,Russian,heist,ограбление
English,Russian,sparingly,скудно
English,Russian,Confinement,лишение свободы
English,Russian,blatant,вопиющий
English,Russian,subtle,тонкий
English,Russian,Intrinsic,внутренний
English,Russian,nip,пресечь
English,Russian,rivets,заклепки
English,Russian,ripples,ряби
English,Russian,contagious,заразный
English,Russian,willow,ива
English,Russian,scavenger,мусорщик
English,Russian,arduous,трудный
English,Russian,pinch,ущипнуть
English,Russian,linchpin,чека
English,Russian,pertinent,уместный
English,Russian,dunk,макать
English,Russian,humidity,влажность
English,Russian,hamlet,деревушка
English,Russian,inferred,вывод
English,Russian,cripples,калек
English,Russian,consent,согласие
English,Russian,trove,клад
English,Russian,spatial,пространственный
English,Russian,imposter,самозванец
English,Russian,reviled,поносили
English,Russian,clamor,шум
English,Russian,mold,плесень
English,Russian,lye,щелок
English,Russian,ameliorate,улучшать
English,Russian,ostracized,остракизму
English,Russian,alluded,ссылался
English,Russian,Collateral,залог
English,Russian,reprimanded,выговор
English,Russian,runt,коротышка
English,Russian,harass,беспокоить
English,Russian,mothball,законсервировать
English,Russian,appalling,ужасный
English,Russian,stiffed,кинули
English,Russian,gale,шторм
English,Russian,bellicose,воинственный
English,Russian,reconnaissance,разведка
English,Russian,ubiquitous,вездесущий
English,Russian,hubbub,гомон
English,Russian,vehemently,сильно
English,Russian,thwart,препятствовать
English,Russian,crippling,повреждая
English,Russian,wan,бледный
English,Russian,wart,бородавка
English,Russian,juxtaposition,сопоставление
English,Russian,indulgent,снисходительный
English,Russian,deride,высмеивать
English,Russian,dab,тыкать
English,Russian,chintzy,дешевым
English,Russian,conspicuous,бросающийся в глаза
English,Russian,halo,гало
English,Russian,exudes,источает
English,Russian,curvature,кривизна
English,Russian,staggering,ошеломляющий
English,Russian,hurling,бросать
English,Russian,corollary,вывод
English,Russian,assailed,одолевать
English,Russian,disentangle,расхлебывать
English,Russian,avert,предотвращать
English,Russian,snug,уютно
English,Russian,strive,стараться
English,Russian,judiciously,разумно
English,Russian,enact,принимать
English,Russian,ruse,хитрость
English,Russian,canards,утки
English,Russian,abreast,в ряд
English,Russian,devote,посвящать
English,Russian,flamboyant,яркий
English,Russian,wits,ум
English,Russian,BESET,окружать
English,Russian,trump,козырной
English,Russian,dwelt,жил
English,Russian,withered,высохший
English,Russian,borne,иметь
English,Russian,whim,прихоть
English,Russian,supplant,вытеснять
English,Russian,torment,мучить
English,Russian,feisty,Злющий
English,Russian,foul,фол
English,Russian,stout,толстый
English,Russian,trinket,брелок
English,Russian,screeches,визжит
English,Russian,overreact,слишком остро реагировать
English,Russian,contend,бороться
English,Russian,lid,крышка
English,Russian,gaze,посмотреть
English,Russian,wit,остроумие
English,Russian,squawking,дурноголосых
English,Russian,groaning,стон
English,Russian,prancing,скачущий
English,Russian,wield,владеть
English,Russian,tempt,искушать
English,Russian,inane,бессмысленный
English,Russian,bent,изогнутый
English,Russian,stir,движение
English,Russian,savory,чабер
English,Russian,woe,горе
English,Russian,heirloom,наследие
English,Russian,rumble,грохот
English,Russian,riddle,загадка
English,Russian,whimper,хныкать
English,Russian,poring,углубившись
English,Russian,rascal,мошенник
English,Russian,retention,удержание
English,Russian,overlay,наложение
English,Russian,abbreviate,сокращать
English,Russian,furloughed,отпускными
English,Russian,ominously,зловеще
English,Russian,distinct,отдельный
English,Russian,Begrudgingly,завистливо
English,Russian,pillock,олух
English,Russian,exodus,исход
English,Russian,begat,родил
English,Russian,clamoring,требовали
English,Russian,trickling,сочащийся
English,Russian,flecked,крапинку
English,Russian,dimples,впадины
English,Russian,bezels,обрамление
English,Russian,nosh,перекус
English,Russian,slew,множество
English,Russian,manifold,коллектор
English,Russian,crestfallen,удрученный
English,Russian,tenure,пребывание в должности
English,Russian,dilution,разбавление
English,Russian,hamper,препятствовать
English,Russian,awash,затопленный
English,Russian,convolute,свертки
English,Russian,contingency,непредвиденные обстоятельства
English,Russian,infringing,нарушающих
English,Russian,vicinity,окрестности
English,Russian,scalding,обжигающий
English,Russian,dole,пособие по безработице
English,Russian,reified,reified
English,Russian,partisan,партизанский
English,Russian,clot,сгусток
English,Russian,adolescence,подростковый возраст
English,Russian,strenuous,напряженный
English,Russian,gullible,легковерный
English,Russian,comber,большая волна
English,Russian,viper,гадюка
English,Russian,retribution,возмездие
English,Russian,scavenging,очистка
English,Russian,pivotal,основной
English,Russian,subpoenaing,subpoenaing
English,Russian,avid,алчный
English,Russian,belabor,колотить
English,Russian,adherent,приверженец
English,Russian,contaminated,загрязненный
English,Russian,flimsy,неубедительный
English,Russian,quantify,количественную
English,Russian,reprieve,отсрочка
English,Russian,mesmerizing,гипнотизирующий
English,Russian,interrogating,допрос
English,Russian,brevity,краткость
English,Russian,pallid,бледный
English,Russian,inferior,низший
English,Russian,translucent,полупрозрачный
English,Russian,slab,плита
English,Russian,tepid,прохладный
English,Russian,infringement,нарушение
English,Russian,plight,положение
English,Russian,lucrative,прибыльный
English,Russian,wank,онанизм
English,Russian,commiserate,сочувствовать
English,Russian,ambiance,окружение
English,Russian,linger,задерживаться
English,Russian,oust,вытеснять
English,Russian,immensely,очень
English,Russian,hatred,ненависть
English,Russian,imploding,взрывается
English,Russian,staffed,укомплектованные
English,Russian,tuition,обучение
English,Russian,tutoring,репетиторство
English,Russian,coarse,грубый
English,Russian,formative,образующий
English,Russian,decimating,истребляя
English,Russian,cahoots,сговоре
English,Russian,consented,согласие
English,Russian,divulge,разглашать
English,Russian,diminished,уменьшенный
English,Russian,slid,скользнул
English,Russian,reciprocate,отвечать взаимностью
English,Russian,impinging,столкновение
English,Russian,nab,арестовать
English,Russian,nudges,подталкивания
English,Russian,pavement,тротуар
English,Russian,bolstering,укрепление
English,Russian,power,степень
English,Russian,facilitate,способствовать
English,Russian,sloppy,небрежный
English,Russian,disrupt,разрушать
Russian,English,тухлый,rotten
Russian,English,подбородок,chin
Russian,English,очередь,turn
English,Russian,очередь,очередь
Russian,English,обои,wallpaper
Russian,English,манекен,dummy
English,Russian,wrangle,пререкаться
English,Russian,witted,сообразительный
English,Russian,whet,точить
English,Russian,wednesdatuplw,wednesdatuplw
English,Russian,weary,уставший
English,Russian,warden,надзиратель
English,Russian,waffle,вафельный
English,Russian,vine,виноградная лоза
English,Russian,vague,расплывчатый
Russian,English,upbeat,upbeat
English,Russian,upbeat,оптимистичной
English,Russian,unicorn,единорог
English,Russian,tuplw,tuplw
English,Russian,tuple,кортежа
English,Russian,trine,триада
English,Russian,traverse,пересекают
English,Russian,transitive,переходный
English,Russian,trait,особенность
English,Russian,toss,жеребьевка
English,Russian,thrift,бережливость
English,Russian,thier,тир
English,Russian,testimony,свидетельство
English,Russian,terse,немногословный
English,Russian,teac,TEAC
English,Russian,tailor,портной
English,Russian,swype,Swype
English,Russian,swag,добыча
English,Russian,superfluous,излишний
English,Russian,sunlune,sunlune
English,Russian,sunline,Sunline
English,Russian,strum,бренчать
English,Russian,strip,раздеться
English,Russian,stray,плутать
English,Russian,steep,крутой
English,Russian,steady,устойчивый
English,Russian,steadies,Люнеты
English,Russian,squawk,пронзительный крик
English,Russian,squash,сквош
English,Russian,splice,сращивание
English,Russian,span,пролет
English,Russian,smear,мазок
English,Russian,shrug,пожимание плечами
English,Russian,shove,пихать
English,Russian,shone,светились
English,Russian,shennenigan,shennenigan
English,Russian,sattle,sattle
English,Russian,rye,рожь
English,Russian,rural,сельский
English,Russian,robust,крепкий
English,Russian,rigorous,строгий
English,Russian,retain,сохранять
English,Russian,restrain,сдерживать
English,Russian,resent,возмущаться
French,Russian,reluctant,неохотный
English,Russian,reluctant,неохотный
English,Russian,relinquish,отказываться
English,Russian,refrain,воздерживаться
English,Russian,rectangle,прямоугольник
English,Russian,rant,декламировать
English,Russian,prosper,процветать
English,Russian,prohibit,запрещать
English,Russian,polio,полиомиелит
English,Russian,pet peeve,огорчает
English,Russian,pervasive,распространяющийся
English,Russian,permutation,перестановка
English,Russian,penalty,штраф
English,Russian,patties,Пирожки
English,Russian,overwhelm,сокрушать
English,Russian,overage,избыток
English,Russian,opt,выбирать
English,Russian,numb,ошеломить
English,Russian,narrow,узкий
English,Russian,mingle,смешиваться
English,Russian,merely,просто
English,Russian,maven,специалист
English,Russian,marshal,маршал
English,Russian,margin,маржа
English,Russian,manual,руководство
English,Russian,limerick,лимерик
English,Russian,leverage,рычаг
English,Russian,labor,труд
English,Russian,keen,острый
English,Russian,interwoven,переплетенный
English,Russian,infamous,позорный
English,Russian,inconsistent,несовместимый
English,Russian,incline,склонять
English,Russian,implicit,неявный
English,Russian,hypothyroidism,гипотиреоз
English,Russian,hypocrisy,лицемерие
English,Russian,housing,жилье
English,Russian,halter,недоуздок
English,Russian,glow,свечение
English,Russian,geospatial,геопространственных
English,Russian,futile,бесполезный
English,Russian,forge,ковать
English,Russian,foil,фольга
English,Russian,fatigue,усталость
English,Russian,famine,голод
English,Russian,explicit,явный
English,Russian,exile,ссылка
English,Russian,exhale,выдыхать
English,Russian,exaggerated,преувеличенный
English,Russian,evaluate,оценивать
English,Russian,entity,сущность
English,Russian,emit,излучать
English,Russian,elucidate,освещать
English,Russian,eliding,опуская
English,Russian,elided,опущены
English,Russian,eel,угорь
English,Russian,eager,нетерпеливый
English,Russian,dye,красить
English,Russian,drastic,радикальный
English,Russian,doubt,сомневаюсь
English,Russian,dire,страшный
English,Russian,detergent,моющее средство
English,Russian,decoy,манок
English,Russian,convergence,сходимость
English,Russian,contradictRoy,contradictRoy
Russian,English,contradictory,contradictory
English,Russian,conformity,соответствие
English,Russian,confess,исповедовать
English,Russian,conclusion,заключение
English,Russian,coerce,принудить
English,Russian,claim,утверждать
English,Russian,catharsis,катарсис
English,Russian,Capricorn,Козерог
English,Russian,burden,бремя
English,Russian,boulder,валун
English,Russian,bias,смещение
English,Russian,bear,нести
English,Russian,barring,за исключением
English,Russian,bark,кора
Polish,Russian,atak,атаковать
French,Russian,atak,Атак
English,Russian,arrogant,высокомерный
English,Russian,arbitrary,произвольный
English,Russian,anemic,анемичный
English,Russian,ample,обильный
English,Russian,amend,вносить поправки
English,Russian,alleviate,облегчать
English,Russian,akward,akward
English,Russian,abrupt,крутой
English,Russian,sprawl,развалиться
English,Russian,freight,грузовой
English,Russian,congestion,затор
English,Russian,hollowed,выдолбленный
English,Russian,pasture,пастбище
English,Russian,attendance,посещаемость
English,Russian,coffin,гроб
English,Russian,reclaim,истребовать
English,Russian,oblivion,забвение
English,Russian,distraught,обезумевший
English,Russian,plunge,погружение
English,Russian,clumps,сгустки
German,Russian,tore,ворота
English,Russian,compassion,сострадание
English,Russian,flinch,вздрогнуть
English,Russian,odor,запах
English,Russian,musty,затхлый
English,Russian,swayed,качались
English,Russian,grievous,тяжкий
English,Russian,taunted,дразнили
English,Russian,indictment,обвинительный акт
English,Russian,crept,подкралась
English,Russian,fled,бежал
English,Russian,palpable,ощутимый
English,Russian,wonderment,изумление
English,Russian,sheer,чистый
English,Russian,struck,пораженный
English,Russian,deem,считать
English,Russian,tangible,ощутимый
English,Russian,defies,бросает вызов
English,Russian,ordeal,тяжелое испытание
English,Russian,warren,Уоррен
German,Russian,dank,спасибо
English,Russian,hinged,откидной
English,Russian,washbasin,умывальник
English,Russian,ostensibly,якобы
English,Russian,meddled,вмешивались
English,Russian,gassed,газом
English,Russian,pretense,притворство
English,Russian,lured,заманил
English,Russian,acceded,присоединившихся
English,Russian,incinerated,сжигаются
English,Russian,allege,утверждать
English,Russian,pleaded,признал себя
English,Russian,susceptible,восприимчивый
English,Russian,excitatory,возбуждающий
English,Russian,dampen,смочить
English,Russian,overarching,всеобъемлющая
English,Russian,concomitant,сопутствующий
English,Russian,shushing,утихомиривания
English,Russian,profusion,изобилие
English,Russian,teemed,кишели
English,Russian,abundance,изобилие
English,Russian,predispositions,предрасположенностей
English,Russian,ingenuity,изобретательность
English,Russian,gulp,глоток
English,Russian,lauded,хвалил
English,Russian,wanes,ослабевает
English,Russian,breached,нарушено
English,Russian,comprise,включать
English,Russian,stem,стебель
English,Russian,tenet,принцип
English,Russian,oblivious,забывающий
English,Russian,diverted,отвлекались
English,Russian,ousted,вытеснила
English,Russian,dissolved,растворенный
English,Russian,equity,капитал
English,Russian,hindsight,взгляд в прошлое
English,Russian,convicted,осужденный
English,Russian,indicted,обвиняемый
English,Russian,MAROON,MAROON
English,Russian,defiant,вызывающий
English,Russian,dwindling,уменьшение
English,Russian,infer,выводить
English,Russian,concede,уступать
English,Russian,er = more,ER = больше
English,Russian,fluid,жидкость
English,Russian,finicky,жеманный
English,Russian,repellent,репеллент
English,Russian,piecemeal,по частям
English,Russian,abstruse,заумный
English,Russian,sever,разрывать
English,Russian,adhere,придерживаться
English,Russian,foiled,украшенный лиственным орнаментом
English,Russian,severe,тяжелый
English,Russian,promptness,быстрота
English,Russian,tardy,запоздалый
English,Russian,Superficiality,поверхностность
English,Russian,Cutlery,столовые приборы
English,Russian,grumpy,сварливый
English,Russian,Distinguished,выдающийся
English,Russian,trite,банальный
English,Russian,herald,вестник
English,Russian,seize,воспользоваться
English,Russian,heir,наследник
English,Russian,onerous,обременительный
English,Russian,rigid,жесткий
English,Russian,dubious,сомнительный
English,Russian,tranquil,спокойный
English,Russian,Commencement,начало
English,Russian,persuaded,убежденный
English,Russian,prophet,пророк
English,Russian,corroborate,подтверждать
English,Russian,splurge,пускать пыль в глаза
English,Russian,obscurity,безвестность
English,Russian,croak,квакать
English,Russian,banish,изгонять
English,Russian,dazzle,ослеплять
English,Russian,dissed,отшила
English,Russian,lodge,домик
English,Russian,hostility,враждебность
English,Russian,detained,задержанный
English,Russian,impose,налагать
English,Russian,collateral,залог
English,Russian,stringent,строгий
English,Russian,relieve,освобождать
English,Russian,relief,рельеф
English,Russian,floundering,барахтается
English,Russian,gander,гусак
English,Russian,reciprocity,взаимность
English,Russian,intervene,вмешиваться
English,Russian,stranded,в затруднительном положении
English,Russian,pad,подушка
English,Russian,scrutiny,рассмотрение
English,Russian,limb,конечность
English,Russian,frugality,бережливость
English,Russian,allot,выделять
English,Russian,endorse,одобрять
English,Russian,baffle,сбивать с толку
English,Russian,revolt,восстание
English,Russian,fleecing,обирают
English,Russian,blob,капля
English,Russian,soggy,сырой
English,Russian,merit,заслуживают
English,Russian,mesmerize,гипнотизировать
English,Russian,mourn,оплакивать
German,Russian,starker,сильный
English,Russian,demise,кончина
English,Russian,peril,опасность
English,Russian,confidant,доверенное лицо
English,Russian,baffling,затруднительный
English,Russian,ingratiating,заискивающий
English,Russian,obedient,послушный
English,Russian,urged,призвал
English,Russian,smeared,намазал
English,Russian,debrief,Подведение итогов
English,Russian,hubris,высокомерие
English,Russian,lapse,впадать
English,Russian,frail,хрупкий
English,Russian,despise,презирать
English,Russian,umbilical,пуповина
English,Russian,pheasant,фазан
English,Russian,stung,ужалила
English,Russian,drowned,утонул
English,Russian,abandonment,отказ
English,Russian,weeping,плач
English,Russian,beset,окружать
English,Russian,benevolent,доброжелательный
English,Russian,contemplated,"предполагается,"
English,Russian,demeanor,поведение
English,Russian,jowls,щеки
English,Russian,stoop,унижаться
English,Russian,trembling,дрожь
English,Russian,lavish,щедрый
English,Russian,obscure,скрыть
English,Russian,flee,бежать
English,Russian,limp,хромать
English,Russian,toiling,трудящихся
English,Russian,stubbornly,упорно
English,Russian,traction,тяга
English,Russian,lackluster,тусклый
English,Russian,doldrums,депрессия
English,Russian,Ailments,Болезни
English,Russian,dew,роса
English,Russian,consonant,согласный
English,Russian,singular,особый
English,Russian,plural,множественное число
English,Russian,empower,уполномочивать
English,Russian,consistent,последовательный
English,Russian,hypothetical,гипотетический
English,Russian,bing,Ссылок
English,Russian,innate,врожденный
English,Russian,herd,стадо
English,Russian,blandly,вежливо
English,Russian,ossify,окостеневать
English,Russian,vague,смутный
English,Russian,scattering,рассеяние
English,Russian,fraying,изнашивание
English,Russian,gist,суть
English,Russian,fret,лад
English,Russian,straddle,колебаться
English,Russian,shenanigan,махинация
English,Russian,nemeses,злодеев
English,Russian,prompt,побуждать
English,Russian,tidbit,лакомый кусок
English,Russian,reinvigoration,активизацию
English,Russian,impair,ухудшать
English,Russian,onus,бремя
English,Russian,mitigations,смягчения
English,Russian,sordid,грязный
English,Russian,extravaganza,феерия
English,Russian,inference,вывод
English,Russian,reliant,уверенный
English,Russian,extinct,вымерший
English,Russian,drastic,решительный
Russian,English,реквизит,props
English,Russian,tramping,топот
English,Russian,rugged,прочный
English,Russian,foster,способствовать
English,Russian,despondent,унылый
English,Russian,notoriety,известность
English,Russian,wag,шутник
English,Russian,discrepancy,несоответствие
English,Russian,lenient,снисходительный
English,Russian,plank,доска
English,Russian,scraped,Царапины
English,Russian,latch,защелка
English,Russian,vigil,бдение
English,Russian,pondering,размышлял
English,Russian,ample,достаточный
English,Russian,deteriorate,ухудшаться
English,Russian,tensest,напряженный
English,Russian,rag,тряпка
English,Russian,wielding,владеющий
English,Russian,hosing,шланга
English,Russian,sloping,наклонный
English,Russian,clemency,помилование
English,Russian,numb,онемение
English,Russian,faint,слабый
English,Russian,corroborated,подтверждается
English,Russian,abolished,отменен
English,Russian,denounce,денонсировать
English,Russian,punitive,карательный
English,Russian,paving,мощение
English,Russian,butler,дворецкий
English,Russian,confinement,лишение свободы
English,Russian,estranged,раздельно проживающий
English,Russian,seclusion,уединение
English,Russian,pour,лить
English,Russian,perseverance,настойчивость
English,Russian,plea,мольба
English,Russian,malnourished,недоедают
English,Russian,enticed,заманил
English,Russian,abductions,похищений
English,Russian,dilapidated,ветхий
English,Russian,scurried,сновали
English,Russian,wandered,бродил
English,Russian,verbose,многословный
English,Russian,rampant,безудержный
English,Russian,Indentured,заключивший контракт
English,Russian,dearth,недостаток
English,Russian,garnered,получил
English,Russian,surplus,профицит
English,Russian,defy,игнорировать
English,Russian,glyphs,символы
English,Russian,heeded,вняли
English,Russian,prevalent,распространенный
English,Russian,stint,ограничение
English,Russian,posit,постулировать
English,Russian,detrimental,вредный
English,Russian,gloating,злорадство
English,Russian,baffled,сбитый с толку
English,Russian,humble,скромный
English,Russian,expedient,целесообразный
English,Russian,proponent,сторонник
English,Russian,horrendous,устрашающий
English,Russian,vanity,тщеславие
English,Russian,vanish,исчезать
English,Russian,apex,вершина
English,Russian,floss,зубочистка
English,Russian,manic,маниакальный
English,Russian,Durability,долговечность
English,Russian,Consistency,согласованность
English,Russian,juncture,стык
English,Russian,tabular,табличный
English,Russian,ramble,бродить
English,Russian,sudden,внезапный
English,Russian,boasted,хвастался
English,Russian,brink,край
English,Russian,plunged,погрузился
English,Russian,trebled,утроилась
English,Russian,embodies,воплощает
English,Russian,loathe,ненавижу
English,Russian,marvel,чудо
English,Russian,curfew,комендантский час
English,Russian,fumbling,шарить
English,Russian,contrarian,противоположный
English,Russian,pundit,ученый муж
English,Russian,preposition,предлог
English,Russian,sadden,печалить
English,Russian,Ingestible,принимаемой
English,Russian,mere,простой
English,Russian,immodestly,нескромно
English,Russian,celestial,небесный
English,Russian,glean,подбирать колосья
English,Russian,bore,отверстие
English,Russian,revelations,откровениями
English,Russian,shook,покачал
English,Russian,inclined,склонный
English,Russian,envelope,конверт
English,Russian,startling,поразительный
English,Russian,conditional,условный
English,Russian,assessed,оценивается
English,Russian,holistic,целостный
English,Russian,deceased,умерший
English,Russian,tinkering,мастерить
English,Russian,hotspot,Точка
English,Russian,cardinality,мощность
English,Russian,cling,цепляться